"ID","ComparativeUndersampling","WMDiff","SDDiff","WMCov","SDCov","NAME"
"AL01",72.6866454530105,13.9780631798194,7.93507911463102,0.647594948685712,0.259908845337676,"Veri"
"AL02",58.8652040222981,28.7204469597214,21.9180657102501,0.727720953564866,0.271384908357073,"Qender"
"AL03",63.8253476789141,22.1797022995339,15.8716211489938,0.688980273971311,0.168062173418915,"Jug"
"ANDORRE01",41.2315493488886,71.9773933618472,2.65885616671111,0.832300004945969,0.0566698054016561,"Andorra"
"AT11",23.2207472290228,183.96488200603,89.9892429832659,0.909620553094706,0.0459743348770025,"Burgenland"
"AT12",27.5317233919069,146.956384929791,81.5596194601747,0.9339325607544,0.0327548933818424,"Niederösterreich"
"AT13",10.9512868462762,348.627565432276,89.9101216788987,0.978155724231978,0.0104247266772745,"Wien"
"AT21",27.7992341144681,144.922350812127,67.1642159710139,0.885700749643563,0.0721420266721602,"Kärnten"
"AT22",32.4782654445407,113.569247488045,49.3089189153042,0.882284324294401,0.0594390380907794,"Steiermark"
"AT31",18.9075056905206,230.320530520515,86.6382286674455,0.885041234450119,0.0550522736629039,"Oberösterreich"
"AT32",47.5556003116432,51.7724678420305,20.7465889845606,0.965721271435489,0.0238095242713624,"Salzburg"
"AT33",40.2533024967354,75.7410570859656,34.401069533449,0.89660036169989,0.0639383382828862,"Tirol"
"AT34",35.5535513654291,96.7553126722223,42.3905547264513,0.938789024001613,0.0304254999642065,"Vorarlberg"
"BE10",6.79552116389243,432.908556242656,90.7777373384135,0.999312640973838,0.000153375781914125,"Bruxelles-Capitale"
"BE21",20.5661453054777,211.25249205425,54.8568430809581,0.996697476944687,0.00279912459070136,"Antwerpen"
"BE22",15.475294787586,275.419628097273,61.600054088246,0.997114222797281,0.00143263564238685,"Limburg (BE)"
"BE23",22.0257748924985,195.78261371293,40.3762674873654,0.997112727291875,0.00288912341618387,"Oost-Vlaanderen"
"BE24",15.0901342914248,281.002441644238,88.9912743091187,0.998747097874173,0.000913448566286447,"Vlaams-Brabant"
"BE25",27.2959647806999,148.772643486096,42.5497373907471,0.990699486310176,0.00813637760418209,"West-Vlaanderen"
"BE31",15.8063201820939,270.71020122506,124.520289622492,0.998297454816482,0.00147608061893258,"Brabant Wallon"
"BE32",23.781247643268,178.670240587245,41.9435549520112,0.987055524766261,0.0203929637737176,"Hainaut"
"BE33",18.1278135054866,239.86954458472,52.7258929131261,0.992170335020396,0.0121300632109131,"Liège"
"BE34",20.2065938389339,215.247234033622,29.7717284419283,0.984240022423335,0.0119913615806808,"Luxembourg (BE)"
"BE35",21.9925977389659,196.121333263664,31.8144836689291,0.993442974493965,0.00971176612883058,"Namur"
"BG31",65.8968678020505,19.9105135385705,15.8758855557669,0.616048773871557,0.203219769408998,"Severozapaden"
"BG32",87.8876972953643,6.3311953849751,6.37072763374989,0.724342507139437,0.241392763633942,"Severen tsentralen"
"BG33",81.7658038530249,8.70980940808929,10.4496364009031,0.587822730030707,0.290076236816469,"Severoiztochen"
"BG34",70.2146363575055,15.8994573011277,11.2316777631061,0.577856190470393,0.263159869041315,"Yugoiztochen"
"BG41",48.8344405026958,48.4352955537708,29.7850719532643,0.685918592157807,0.177620735657518,"Yugozapaden"
"BG42",62.5309374351206,23.7271150639191,14.1509909593154,0.647556027752273,0.184081889969477,"Yuzhen tsentralen"
"BIH.1_1",100,3.36833283966355,2.11569441554561,0.908765780097313,0.114841809951018,"Brcko"
"BIH.2_1",74.1300331567595,12.9654260667153,13.8915872219184,0.730969272189589,0.242218849684407,"Federacija Bosne i Hercegovine"
"BIH.3_1",74.792683071524,12.525431743502,12.3594905024115,0.729611845192881,0.204236148516923,"Republika Srpska"
"CH01",26.2788208148003,156.869484844362,46.5642206151913,0.964338389303299,0.0395165442037441,"Région lémanique"
"CH02",23.2857934752602,183.342477016457,47.6510127827402,0.970686351964682,0.0266542462154847,"Espace Mittelland"
"CH03",23.3221071644573,182.995920318777,30.1861111098746,0.991083960636318,0.00847795051873349,"Nordwestschweiz"
"CH04",18.8357220112628,231.183553519363,26.5366391128661,0.988480815191766,0.00976764283127515,"Zürich"
"CH05",23.7811798121753,178.670872029166,51.8371705418824,0.962152946498513,0.0296350180087844,"Ostschweiz"
"CH06",23.5858269217813,180.498708135404,30.3563412430296,0.962964984415669,0.0210354802595182,"Zentralschweiz"
"CH07",21.9389867864286,196.669909070228,38.0265555779013,0.959681983321382,0.0421183335584252,"Ticino"
"CYP",56.3093782288981,32.8112711160595,18.0880624831693,0.583360645532284,0.278845020908897,"Cyprus"
"CZ01",11.5319586506929,338.238151078674,65.04304310955,0.950077312138955,0.050905618235757,"Praha"
"CZ02",25.2263070782334,165.712087820814,70.0912538705157,0.868766975009349,0.0678562017717365,"Strední Cechy"
"CZ03",28.9817310474097,136.263161546065,56.9393752817536,0.817380488583691,0.115392768902524,"Jihozápad"
"CZ04",26.5558118673139,154.621849848997,88.6624918715409,0.767038910557082,0.109142578868411,"Severozápad"
"CZ05",29.7268437831217,131.074571937767,48.6645986978866,0.832114461033751,0.0806116187713027,"Severovýchod"
"CZ06",28.2159667998961,141.809643601031,79.1926826729938,0.863875706603393,0.0522068270589474,"Jihovýchod"
"CZ07",34.8708802561554,100.258669745762,27.1966808105586,0.82655258076385,0.0788571526565141,"Strední Morava"
"CZ08",31.8731558335119,117.206809806769,32.52425609889,0.827045364669874,0.0635441640062669,"Moravskoslezsko"
"DE11",41.2137366059429,72.044224686323,44.3553093854647,0.926004079421505,0.0413141598596461,"Stuttgart"
"DE12",27.1512113000314,149.898913276305,61.457703555836,0.935515180736848,0.0346001999447275,"Karlsruhe"
"DE13",25.9476539870725,159.599650675962,56.1298921437361,0.913864281327724,0.0509677266740105,"Freiburg"
"DE14",45.1205357352238,58.7757538153482,40.002294924217,0.928567053677251,0.0249177917973885,"Tübingen"
"DE21",33.6606690589763,106.783942382169,47.5510293276065,0.909571071482763,0.0394728336378917,"Oberbayern"
"DE22",27.8887865829922,144.247742385634,60.9011930703019,0.868049231457936,0.0443361432295343,"Niederbayern"
"DE23",32.7490457078942,111.978250237783,37.8846828893402,0.866505995933663,0.051290617515288,"Oberpfalz"
"DE24",28.5646133541801,139.256917444623,49.6062858961266,0.897165986567567,0.0527026304360403,"Oberfranken"
"DE25",31.1237197423832,121.873893260346,47.8948503079525,0.889135424991513,0.0565429711845548,"Mittelfranken"
"DE26",32.9602205898411,110.752955523933,34.5083678518599,0.902201174534296,0.0411004693192697,"Unterfranken"
"DE27",45.7021738143226,57.0213128157281,45.6518942157651,0.897684967468854,0.043881310895645,"Schwaben"
"DE30",33.9396501065694,105.243023538988,23.9293423118871,0.972689390302152,0.0114247422990351,"Berlin"
"DE40",35.1883910025577,98.6137500689536,43.6830533584347,0.879311581857134,0.0697041005959658,"Brandenburg"
"DE50",31.1540761312943,121.681287619254,27.4475189332706,0.955360320537181,0.0289702283445474,"Bremen"
"DE60",29.9402536977211,129.625224780643,21.9713622164146,0.984508471100471,0.00930640730341786,"Hamburg"
"DE71",40.9092125346097,73.1964098198553,27.0173009830876,0.960173792099477,0.0209528416056876,"Darmstadt"
"DE72",28.8580631572861,137.143981040175,105.477892525565,0.939446074587531,0.0218203651240059,"Gießen"
"DE73",34.9390896611894,99.9030004840819,57.4488059250556,0.921094286463932,0.0311245457940789,"Kassel"
"DE80",35.8556969449448,95.2440889438289,37.0053075754828,0.889953310156106,0.0684498766400855,"Mecklenburg-Vorpommern"
"DE91",34.9872830678498,99.6524630450848,40.2014243697641,0.95217646971983,0.0300373600598743,"Braunschweig"
"DE92",32.4494302708232,113.73999768099,37.0396163500142,0.949490124053666,0.0331314069244949,"Hannover"
"DE93",30.8916305761281,123.356567023783,31.3505004661527,0.934105039425951,0.0478846762305608,"Lüneburg"
"DE94",37.7548182838824,86.2711780613744,42.3888576213354,0.929770198210553,0.0494763492003179,"Weser-Ems"
"DEA1",29.6635159241878,131.507765040457,40.268306137718,0.970022212367324,0.0204460637746898,"Düsseldorf"
"DEA2",23.4084692321974,182.174360222362,61.1485960384318,0.957194956331862,0.0262360768690368,"Köln"
"DEA3",43.5680580865448,63.727494313725,46.3410985804473,0.969672185582966,0.0170340441765601,"Münster"
"DEA4",43.4064810192265,64.2662445763544,54.2548825571888,0.940655022388822,0.03539575297723,"Detmold"
"DEA5",34.8707512009559,100.259343886408,57.7281034910729,0.931417298147123,0.0399116311916452,"Arnsberg"
"DEB1",28.253765643193,141.530640963955,36.5320376881083,0.918347751234676,0.0380168653959032,"Koblenz"
"DEB2",29.7867289698917,130.666241159852,50.633422334464,0.925413531062004,0.0300870266675652,"Trier"
"DEB3",32.1121043341248,115.756675695169,55.6997520630616,0.94595932132881,0.025307511001287,"Rheinhessen-Pfalz"
"DEC0",48.2809804916683,49.8523174321938,29.5720506912244,0.914463334087646,0.0493403099973145,"Saarland"
"DED2",30.7060800363586,124.554898772243,43.9535446902995,0.893935014578553,0.0495611168985273,"Dresden"
"DED4",34.5060445618121,102.182669712466,38.793944651287,0.923307677627394,0.0449393091971394,"Chemnitz"
"DED5",29.6948894935446,131.292976042117,55.1002444084726,0.922979989782222,0.0420961774915223,"Leipzig"
"DEE0",35.925734085689,94.8971716838239,45.6838469765841,0.890422954845504,0.0483360878089783,"Sachsen-Anhalt"
"DEF0",32.1848144261586,115.318982306994,46.1337588586989,0.941505183839635,0.0504752031643619,"Schleswig-Holstein"
"DEG0",28.6405096625451,138.70733778534,53.382328820226,0.928818168288836,0.0338221111238863,"Thüringen"
"DK01",41.446335551841,71.176404759836,28.4668822774181,0.869573241996362,0.13971681713631,"Hovedstaden"
"DK02",31.3357024811171,120.535244366624,40.4159336788444,0.813348847372266,0.243563371892141,"Sjælland"
"DK03",31.2469936248596,121.093633111493,37.9751511932302,0.846959658605828,0.133645708949903,"Syddanmark"
"DK04",34.0326756174938,104.734167482116,34.1469714190688,0.899015392655836,0.11000581532594,"Midtjylland"
"DK05",37.8381494967796,85.8974268627633,31.2165745041846,0.844824196850276,0.133615643432297,"Nordjylland"
"EE00",28.5361829710262,139.46334743492,57.724478330127,0.862192964541098,0.0796459551257449,"Eesti"
"EL30",57.4565744211763,30.9075736365994,21.5177913046184,0.513894301593752,0.305394388885849,"Attica"
"EL41(Part)",89.4719748280498,5.82958354226701,2.83017272337243,0.598276746354833,0.148685679697222,"North Aegean"
"EL41.42",59.2267781365851,28.1844580510673,25.6618894317091,0.617893434532254,0.242026377391955,"East Aegean"
"EL42(Part)",83.5188568290478,7.94953096208442,9.81511703588539,0.517600366417229,0.244217798510615,"South Aegean"
"EL43",53.5025168835083,37.9782732487357,18.85265823474,0.698839140558687,0.21764373374347,"Crete"
"EL51",65.1611193187908,20.6885753468354,16.531161117168,0.616030640644692,0.228014428065646,"Eastern Macedonia and Thrace"
"EL52",53.6560216356069,37.6757400120899,16.0945401906925,0.580526923310021,0.285561467540065,"Central Macedonia"
"EL53",51.9345703810205,41.2110681296108,27.8536772341627,0.573276255949361,0.279464429535113,"Western Macedonia"
"EL54",55.5323623011271,34.16685124224,22.4973833574385,0.643173621751037,0.178952697802381,"Epirus"
"EL61",47.5580047475645,51.7659824463171,23.9921255292952,0.609941152202793,0.248563260301092,"Thessaly"
"EL62",59.4173047569249,27.9060619322018,25.4779740279107,0.550734707316012,0.243036007209202,"Ionian Islands"
"EL63",58.5618329866089,29.1780129076521,25.9232565871461,0.480374819737969,0.238301712549168,"Western Greece"
"EL64",51.0802000159648,43.0869851742948,27.5340725206151,0.536482457755513,0.302912860210596,"Central Greece"
"EL65",45.0962679286121,58.8501164777009,36.4159630270545,0.492274365704744,0.307258128292521,"Peloponnese"
"EO21",64.4659619034384,21.4516269633028,0,0.582142857142857,0,"Gibraltar"
"ES11",57.4955156700533,30.8449287106395,27.4493514825963,0.783356997073445,0.157733877536436,"Galicia"
"ES12",39.8532194146837,77.3364492464059,54.3900209038298,0.835342141740194,0.129564790046032,"Principado de Asturias"
"ES13",48.1877482160194,50.0950670065207,19.9751818761534,0.846785352302752,0.134281166229519,"Cantabria"
"ES21",49.7614613805421,46.1514999940693,28.423292703697,0.729664232121866,0.124095457169141,"País Vasco"
"ES22",52.0101226762456,41.0491637325065,21.1571931074592,0.825222792317651,0.131412240809129,"Comunidad Foral de Navarra"
"ES23",60.0201014344108,27.0432443617931,11.1979719346779,0.659763377166353,0.286576680259941,"La Rioja"
"ES24",54.8616222342362,35.3819777319069,20.7906601296737,0.742612700732501,0.192728253147973,"Aragón"
"ES30",33.2282320448906,109.217166328329,55.7170833291456,0.819240223761355,0.106747721538151,"Comunidad de Madrid"
"ES41",56.6459787908937,32.2408614751299,19.7465315498963,0.739623222127592,0.181207201831595,"Castilla y León"
"ES42",61.6259726344483,24.8726464440788,20.9490490132352,0.71517858283599,0.190624698457208,"Castilla-La Mancha"
"ES43",63.8089695104316,22.1986369794073,17.1538466615626,0.738477918470886,0.192917301574922,"Extremadura"
"ES51",45.3860508907252,57.968261073804,28.7029580664114,0.826337766541608,0.1024365813989,"Cataluña"
"ES52",52.401409780765,40.2207790482956,24.4198037497579,0.776385683823248,0.150171867679359,"Comunidad Valenciana"
"ES53",49.4515151764654,46.902837586329,14.7334753042858,0.86509147104348,0.174163615587161,"Illes Balears"
"ES61",47.7300591101267,51.3040094024621,28.6073015697711,0.721748204489007,0.185422728272804,"Andalucía"
"ES62",55.6687819124565,33.9248648903694,19.2627776041297,0.702619279277445,0.188721207026985,"Región de Murcia"
"FI19",37.9810923920013,85.2600766678002,40.5672677367464,0.895012459228941,0.0934732471605003,"Länsi-Suomi"
"FI1B",23.3713363952796,182.527150956793,30.6565267085616,0.955677371269889,0.0621659971604102,"Helsinki-Uusimaa"
"FI1C",26.4832644638187,155.207401739084,55.1290959291577,0.91311891780815,0.096068621069887,"Etelä-Suomi"
"FI1D",39.5444081057295,78.5908246405168,58.5024540372767,0.867114783503066,0.126963376135687,"Pohjois- ja Itä-Suomi"
"FI20",36.265252020861,93.2332532024396,38.1753730173416,0.899714593618863,0.151262145400702,"Åland"
"FR10",27.6714026443644,145.890788798365,110.96970751743,0.891873939895854,0.0532777191470853,"Ile-de-France"
"FRB0",43.4759649339315,64.0340067681069,32.599247395493,0.79581343881556,0.106083916564391,"Centre - Val de Loire"
"FRC1",42.8579282412129,66.1295065064622,38.1661400874761,0.682476854587894,0.169039479068545,"Bourgogne"
"FRC2",39.2242126106748,79.9129307563626,54.7154944016408,0.76694166672867,0.135617370671602,"Franche-Comté"
"FRD1",37.4494008092887,87.6549713266325,40.0765684872513,0.833824368499249,0.0871769963989839,"Basse-Normandie "
"FRD2",38.5337367216415,82.8401312092427,30.8918428780621,0.765103128539448,0.126693792610494,"Haute-Normandie "
"FRE1",23.7032103976706,179.39816947482,70.1653432805127,0.899591072655744,0.0551970655738487,"Nord-Pas de Calais"
"FRE2",29.888923282657,129.972358478811,54.8145837309625,0.868041775631269,0.057067961602254,"Picardie"
"FRF1",28.9075799390111,136.790618366795,46.0502404645136,0.858442946876691,0.0644313115985979,"Alsace"
"FRF2",40.6054648217347,74.364013506805,58.8799962151389,0.710404409930887,0.189639131610198,"Champagne-Ardenne"
"FRF3",42.1134590587647,68.744939302686,43.2808161827316,0.74677241556626,0.126324179566873,"Lorraine"
"FRG0",47.5141884000097,51.8842942465883,31.8250549447945,0.737223719534305,0.171090115512494,"Pays de la Loire"
"FRH0",44.4887765106104,60.74259171746,27.9274833262223,0.756426667659292,0.133901183923009,"Bretagne"
"FRI1",34.3294777289592,103.127028752718,51.6934374120809,0.69267457461059,0.119252648550133,"Aquitaine"
"FRI2",36.3120585601913,93.0061624076426,60.272359909734,0.657090116792416,0.150745600083068,"Limousin"
"FRI3",50.1743200567537,45.1693535578064,35.6279845037049,0.656291388453263,0.168844801350091,"Poitou-Charentes"
"FRJ1",35.5470605866336,96.7880389547182,35.6403906176264,0.799315218938739,0.100411505399733,"Languedoc-Roussillon"
"FRJ2",40.6573241864912,74.1633561757876,52.7586592831299,0.758391766503009,0.0958216290400958,"Midi-Pyrénées"
"FRK1",43.1712626955498,65.0586904286936,27.8969257903908,0.692511158657452,0.145364522616951,"Auvergne"
"FRK2",34.3759687094141,102.877530827449,63.7836582641303,0.759557844573353,0.0928782219655394,"Rhône-Alpes"
"FRL0",28.4668420750765,139.968108540535,45.6760762024153,0.833578069019882,0.107877135365804,"Provence-Alpes-Côte d’Azur"
"FRM0",42.036781005869,69.0201283985601,30.6028146456027,0.801861611161355,0.136915032001203,"Corse"
"FRO",74.7734137153801,12.5380131601091,13.4790557356776,1,0,"Faroe Islands"
"HR02",59.8173017830987,27.3305036276727,16.104477103914,0.734310662061455,0.160064556611263,"Panonska Hrvatska"
"HR03",48.8251872921595,48.4586522116241,34.2316029211041,0.615624500811391,0.266202407906839,"Jadranska Hrvatska"
"HR05",44.7327229892263,59.9754378868167,6.53826569917526,0.807665765621603,0.0550148471743756,"Grad Zagreb"
"HR06",49.3737078622881,47.0933624849702,17.1411507155178,0.741767370197027,0.115728999847206,"Sjeverna Hrvatska"
"HU11",22.3089258253954,192.915504926326,76.5040400108219,0.818250913368162,0.034902774902245,"Budapest"
"HU12",31.6644238978138,118.488423184269,45.9514015124994,0.842036332230126,0.0598851220236729,"Pest"
"HU21",35.4403160161689,97.327832059127,19.4699870591012,0.829743707670645,0.190580162950114,"Közép-Dunántúl"
"HU22",36.4274247804854,92.4488003139934,54.7485895085642,0.84569060751776,0.0777717942958415,"Nyugat-Dunántúl"
"HU23",41.1150759792081,72.4155130586402,30.0180819139752,0.810564047153522,0.121912965603472,"Dél-Dunántúl"
"HU31",36.7974539269981,90.6835384574126,11.2637968757359,0.866615468870326,0.0652671138202364,"Észak-Magyarország"
"HU32",43.1478928765609,65.137954559366,24.8473945711966,0.801536751340336,0.126536765933616,"Észak-Alföld"
"HU33",40.9270565473655,73.1283905373022,31.7133095665655,0.844342183880201,0.0641131352554737,"Dél-Alföld"
"IC",65.9020160154423,19.905173647893,8.74836128687242,0.861256682550633,0.14811819938589,"Islas Canarias"
"IE04",41.9162271660526,69.4550120154615,35.5215835758126,0.909424581689569,0.0963217983106254,"Northern and Western"
"IE05",37.7834292284673,86.1426713301297,46.6008434539619,0.923764205004367,0.0886692264115601,"Southern"
"IE06",37.8308203765521,85.9302338637077,37.3215493090363,0.944041096470352,0.0569215703628496,"Eastern and Midland"
"IM00",29.6822067167743,131.37976229692,15.3496571948519,0.933410282186044,0.0278208491004563,"Isle of Man"
"ISL",86.9344270899537,6.65358647166885,11.8631658700781,0.905827774775435,0.1812460774253,"Iceland"
"ITC1",47.4524094163955,52.0515678526864,37.4876579403378,0.756294287877284,0.13614344442314,"Piemonte"
"ITC2",40.5515871519227,74.5730552094781,25.5485737295463,0.853029310872672,0.0783358005977888,"Valle d'Aosta/Vallée d'Aoste"
"ITC3",53.1841277677658,38.6135342359199,30.4004285197546,0.646177198091771,0.161006721525863,"Liguria"
"ITC4",40.5844889185086,74.445328838457,59.7631913474328,0.819248410878159,0.116928562223399,"Lombardia"
"ITF1",57.376045504574,31.0375246823263,15.3878127222213,0.616811152318098,0.189784944933099,"Abruzzo"
"ITF2",71.7437492363666,14.6819030231883,6.76913371574769,0.769359157308603,0.16605372028342,"Molise"
"ITF3",49.598703313004,46.5445272386326,39.0714704645571,0.600030810287717,0.298842008028972,"Campania"
"ITF4",64.6410611011616,21.256814615051,16.807026023379,0.536495705192819,0.290184930366037,"Puglia"
"ITF5",77.3520545926946,10.9617681642927,8.9303384956679,0.593353478098321,0.190082022776814,"Basilicata"
"ITF6",65.5193795776251,20.3059851189249,13.9874836925693,0.676240104177331,0.258266330355334,"Calabria"
"ITG1",53.2390603333293,38.5031772829513,16.3959393141129,0.613286444766958,0.287777353150751,"Sicilia"
"ITG2",61.8314254992728,24.6078187243436,16.3474875932454,0.625596480494637,0.243408235097685,"Sardegna"
"ITH1",34.8499431987562,100.368097147647,71.3439910484636,0.831323053957059,0.0915400785443491,"Provincia Autonoma di Bolzano/Bozen"
"ITH2",41.6401380961703,70.4613219386252,29.1212583348472,0.806499913028891,0.0810130866866838,"Provincia Autonoma di Trento"
"ITH3",48.4474038888691,49.4219198392069,26.2910749575534,0.722704772101604,0.17765516013858,"Veneto"
"ITH4",38.0247872503586,85.0661964919236,34.4433449838422,0.744401749665221,0.241255565280545,"Friuli-Venezia Giulia"
"ITH5",53.9041001852649,37.1919031613889,24.3418702738957,0.746591221302519,0.17231746657367,"Emilia-Romagna"
"ITI1",56.9300100869546,31.767257923837,13.4668344172884,0.673479024385058,0.196649088581598,"Toscana"
"ITI2",56.1578580995122,33.0713232263812,15.277939341147,0.784966301157641,0.160945364775017,"Umbria"
"ITI3",59.8071639807277,27.3449433142034,19.9169586824861,0.691990092037883,0.275847158959025,"Marche"
"ITI4",45.7444638813489,56.8958113426938,62.8879713623137,0.623748009424544,0.191658151857193,"Lazio"
"LI00",23.7368223951947,179.084274966956,28.8997831423872,0.965803802110674,0.0097855101553539,"Liechtenstein"
"LT01",38.672292213373,82.2442639903418,34.2131511868687,0.698968454960289,0.250489458847815,"Sostines regionas"
"LT02",49.5018912045655,46.7798942957711,29.8017941818238,0.666903772738459,0.233952029126713,"Vidurio ir vakaru Lietuvos regionas "
"LU00",23.8925999145619,177.636661508747,31.4383103279233,0.975813982425061,0.0113910002707767,"Luxembourg"
"LV00",47.1298984328437,52.9335988465792,43.1962433793325,0.785481102647096,0.196716665346824,"Latvija"
"ME00",61.6358357534472,24.8598680495097,16.5286372304337,0.632693617450086,0.191030824819742,"Montenegro"
"MK00",49.4078184113281,47.0097417157683,23.9578816639175,0.67244021041209,0.207505500887258,"North Macedonia"
"MLT",78.3968506964443,10.3810079702393,1.25394140870482,0.857688339700654,0.0514302504816773,"Malta"
"NL11",33.276640266025,108.942051452318,18.5524926427139,0.972133686150715,0.0323939624231811,"Groningen"
"NL12",35.5243199971885,96.9027835723398,32.2065811599847,0.968701198645884,0.0606583307634753,"Friesland (NL)"
"NL13",28.0607953981104,142.960777406511,18.5476930864802,0.985609837949026,0.0105447153583998,"Drenthe"
"NL21",27.090143543165,150.37661097399,30.6571932528021,0.986171234872224,0.00494939647110097,"Overijssel"
"NL22",23.4436423472968,181.840817233409,34.3530940492369,0.989794099647609,0.00521370652727722,"Gelderland"
"NL23",32.7768688123376,111.816040797276,29.0774891640546,0.97593938931498,0.0127534905839529,"Flevoland"
"NL31",22.5434723271002,190.572372641184,41.346144968707,0.993783392206942,0.00196089884384747,"Utrecht"
"NL32",33.1132982727126,109.873147165154,47.3388535228963,0.981533002360898,0.0200956728783528,"Noord-Holland"
"NL33",22.7099841745793,188.926204545844,48.1132088625747,0.989543780924785,0.0159225503385143,"Zuid-Holland"
"NL34",32.5717559336262,113.017395652636,31.2606182908765,0.976635534235514,0.0177504159945725,"Zeeland"
"NL41",21.8550284496324,197.532100259765,33.5269583933739,0.990384297870443,0.00351376131587372,"Noord-Brabant"
"NL42",16.8396331626161,256.521261750092,71.136483055702,0.991411091336492,0.00627719054432447,"Limburg (NL)"
"NO02",40.6848510099418,74.0570678204334,58.2602146433114,0.804200971497296,0.192209389085388,"Innlandet"
"NO06",44.7704774204885,59.8575780338904,36.9144473959936,0.790002611249876,0.231935267877412,"Trøndelag"
"NO07",45.0236930009233,59.073066181195,46.8080122093067,0.782395305459299,0.223035558169589,"Nord-Norge"
"NO08",34.5985115145181,101.691570007979,53.3613720802044,0.922089865974111,0.0838724503057687,"Oslo og Viken"
"NO09",39.2779553641553,79.6894805854662,48.9807246598143,0.892291766899763,0.114002789169315,"Agder og Sør-Østlandet"
"NO0A",34.7814022179464,100.727162333522,58.4836922844389,0.841561670679342,0.131741565188035,"Vestlandet"
"PL21",33.3416692785751,108.573567309124,50.7746404177963,0.852439735418842,0.12326859542091,"Malopolskie"
"PL22",35.5040527993606,97.0051625728824,53.0468155845662,0.758929144430328,0.137728051708175,"Slaskie"
"PL41",41.955412353494,69.3133563748355,39.2596734637171,0.657475791269814,0.241161882193584,"Wielkopolskie"
"PL42",42.9828095858213,65.7006299093798,39.641694340059,0.698021743254935,0.244423679684443,"Zachodniopomorskie"
"PL43",47.6289435353055,51.575007016324,25.6755941500562,0.702581659795351,0.164091637108501,"Lubuskie"
"PL51",32.4242643969814,113.88922955397,44.5627395287589,0.818505145888601,0.112742500335086,"Dolnoslaskie"
"PL52",37.1847737297934,88.8718850936317,43.333725720792,0.798138323287636,0.105911894146703,"Opolskie"
"PL61",39.2475396025837,79.8158655645666,35.6196970973992,0.843478619611679,0.104497512168797,"Kujawsko-pomorskie"
"PL62",45.856022849385,56.5660688971401,30.2539158817954,0.765306671731404,0.205917199914449,"Warminsko-mazurskie"
"PL63",38.7058571360435,82.1005618658986,37.039699878787,0.851323185685518,0.106589927484243,"Pomorskie"
"PL71",54.2206633341224,36.5835107620484,29.5550283797121,0.617591612264352,0.220512212906246,"Lódzkie"
"PL72",41.6830419583692,70.3039912397122,33.9069270584425,0.751734073381713,0.139276709771751,"Swietokrzyskie"
"PL81",49.7383965618024,46.2069943033951,22.2438423177688,0.761347822504071,0.196267812065587,"Lubelskie"
"PL82",50.0069106389026,45.5650578599641,21.7334979954923,0.752680620230322,0.211633889109194,"Podkarpackie"
"PL84",47.9188623148206,50.8018079567487,42.0770125118645,0.671796036050407,0.249420958896621,"Podlaskie"
"PL91",39.7039900107385,77.9400915624931,69.0806240357999,0.778273860902767,0.141472183843522,"Warszawski stoleczny"
"PL92",54.5766982911685,35.9111416219863,22.3472571328942,0.637420557900629,0.239819923327762,"Mazowiecki regionalny"
"PT11",35.5346240510933,96.8507744636714,91.3376049290566,0.720192386553559,0.133996279022267,"Norte"
"PT15",30.6537078148473,124.895233351872,59.8700607527902,0.771655536170879,0.161676968557384,"Algarve"
"PT16",41.5758382167216,70.6977724342896,54.3126577901653,0.763854941637162,0.118841148813123,"Centro (PT)"
"PT17",38.8837561438766,81.343101145647,36.2679240405398,0.815635617662582,0.135023260428747,"Área Metropolitana de Lisboa"
"PT18",49.1428217130264,47.6632957320435,48.5568271662286,0.670189579344916,0.196373804163209,"Alentejo"
"PT20",86.8678827121244,6.67669497751364,3.61050238684547,0.926791978771267,0.165989932329582,"Azores"
"PT30",79.5984336098667,9.75103573545925,2.63579682443278,0.961085170868001,0.0463232338907126,"Madeira"
"RO11",55.1603312041259,34.8355825677681,20.5584017050442,0.768096461137976,0.139413485614951,"Nord-Vest"
"RO12",45.7964399637732,56.7419436168272,26.7828440543245,0.749231019586244,0.113686094950871,"Centru"
"RO21",68.6322976779429,17.2657963975245,17.3059558923529,0.735439530350539,0.216235965864916,"Nord-Est"
"RO22",76.2334706941827,11.6196041173711,9.56273421134148,0.706674433334792,0.263261908612757,"Sud-Est"
"RO31",61.989319431495,24.4062119956084,22.5553258360643,0.769559247805112,0.166701360104075,"Sud - Muntenia"
"RO32",44.9863403040319,59.1881424448453,42.3872664490662,0.797279335771741,0.045287605644089,"Bucuresti - Ilfov"
"RO41",58.8225044472645,28.784413010233,23.1125220537493,0.732779943211078,0.245006409806093,"Sud-Vest Oltenia"
"RO42",56.9304298473948,31.7665631745732,18.231903502038,0.746260433870406,0.179479204643999,"Vest"
"RS11",56.469437464775,32.538784111902,15.8481926350581,0.782075711184118,0.114408310284221,"Beograd"
"RS12",54.7281741858926,35.628841077466,14.5372425194226,0.737303903669158,0.200156154960288,"Vojvodina"
"RS21",73.3499720601991,13.5032279438524,9.0800103167545,0.652292684403962,0.267074647055799,"Šumadija i zapadna Srbija"
"RS22",65.7067833749234,20.1086812745688,13.0755395231912,0.65189846752084,0.234884294724604,"Južna i istocna Srbija"
"SE11",31.8893419767325,117.108008037933,32.6697750754858,0.931092752062075,0.10024817416065,"Stockholm"
"SE12",27.7301390879755,145.445006551184,41.5539297117756,0.923550681824155,0.0903071350555237,"Östra Mellansverige"
"SE21",27.3411112451069,148.423110829206,35.5089172036854,0.895610968954376,0.0976949267920068,"Småland med öarna"
"SE22",23.1858415469955,184.299753081028,43.3160864311975,0.933485224281681,0.0784848322253325,"Sydsverige"
"SE23",28.2355548006415,141.664991118526,41.6048755586963,0.881670950841171,0.112144879204487,"Västsverige"
"SE31",33.3624544899305,108.456051844042,55.4050091070024,0.821038256501074,0.161685279465015,"Norra Mellansverige"
"SE32",41.6786130451179,70.3202160217785,52.0454480855654,0.773586738301227,0.178175723237388,"Mellersta Norrland"
"SE33",42.0290060613066,69.0480932578891,51.4261183198406,0.749887595999026,0.221891528975373,"Övre Norrland"
"SI03",36.6450200329767,91.4066201205441,39.3848621733127,0.762683559175598,0.109916450689083,"Vzhodna Slovenija"
"SI04",33.9006682547395,105.456991375923,33.2748708495053,0.782591854940275,0.119981219243636,"Zahodna Slovenija"
"SK01",26.1289866330209,158.098896329945,36.9645773460511,0.877731901631452,0.0529355621282441,"Bratislavský kraj"
"SK02",30.651353026638,124.910557486775,26.2248481299815,0.888458927814215,0.0366141178102834,"Západné Slovensko"
"SK03",37.0179116152928,89.6478872794472,19.1659951073518,0.870843718370717,0.0392675327227072,"Stredné Slovensko"
"SK04",48.5514676863984,49.1546843868197,24.0353271449617,0.840710104870285,0.10397157350553,"Východné Slovensko"
"UKC1",39.580717484955,78.4422887007358,33.7442437266577,0.958570036342203,0.0309496103498223,"Tees Valley and Durham"
"UKC2",44.250972077558,61.4998745414359,16.8194918708294,0.968080400677166,0.0237459600255681,"Northumberland and Tyne and Wear"
"UKD1",26.5433660474682,154.722146584983,67.5567295789857,0.934408438965895,0.0817110124265272,"Cumbria"
"UKD3",35.7241541202466,95.8990958729337,18.4511652242477,0.977683992579424,0.0198986969701652,"Greater Manchester"
"UKD4",29.4246389527925,133.154723643016,52.2914824101632,0.963728258798606,0.025251600150712,"Lancashire"
"UKD6",37.5238057197222,87.3158241285749,38.9575921701206,0.98987048688602,0.00370138670476493,"Cheshire"
"UKD7",40.3249616912911,75.4588002868061,28.8242591159855,0.993772137579743,0.00434449948803053,"Merseyside"
"UKE1",29.8044622811404,130.545569793913,55.9623758520671,0.974122289945868,0.0227420407050651,"East Yorkshire and Northern Lincolnshire"
"UKE2",27.1980116225794,149.533848812067,40.5455483787719,0.95143430020022,0.0487851673851593,"North Yorkshire"
"UKE3",25.615316043309,162.387240571461,42.0396636528414,0.992794060043348,0.00246640842135471,"South Yorkshire"
"UKE4",24.5736339954022,171.444093256557,33.9183852118203,0.977761662426864,0.0184246648110923,"West Yorkshire"
"UKF1",28.448824274584,140.099566334683,50.1362074414504,0.971973944214726,0.0351940657720358,"Derbyshire and Nottinghamshire"
"UKF2",30.9971820341179,122.680041033024,33.3358900808439,0.97189261455546,0.0236528431234118,"Leicestershire"
"UKF3",25.791359744435,160.904607060602,54.2247594033156,0.937381950326463,0.0483323083281557,"Lincolnshire"
"UKG1",25.2070792659139,165.878181547059,42.3224310407864,0.974526746358338,0.0272937705250563,"Herefordshire"
"UKG2",21.8634750257686,197.445189322761,36.4052614035533,0.991220988617861,0.00800055583497352,"Shropshire and Staffordshire"
"UKG3",19.458619591955,223.801164108111,40.7720998828479,0.995211015022394,0.00085108917836941,"West Midlands"
"UKH1",23.2538248891204,183.648109750616,49.6691000559213,0.975055290082262,0.0355768149987545,"East Anglia"
"UKH2",24.5636677773796,171.533139843716,65.7060368950001,0.974195911626093,0.0163524767587536,"Bedfordshire and Hertfordshire"
"UKH3",24.4367884740926,172.670837072701,36.0279681372642,0.972973089808968,0.0259479378482551,"Essex"
"UKI3",0,616.824468499459,0,0.99635941085046,0.000659602061576911,"Inner London - West"
"UKI4",0,616.824468499459,0,0.996556402364974,0.000818078477234759,"Inner London - East"
"UKI5",14.7009439120038,286.758622552213,124.613393194118,0.995787387525077,0.00134170993047649,"Outer London - East and North East"
"UKI6",0.832434791429264,590.643873141917,71.9579000216914,0.998138335471022,0.000314337926295758,"Outer London - South"
"UKI7",1.53232678545686,569.493696032067,24.5139281635613,0.995393047620097,0.00103568812247709,"Outer London - West and North West"
"UKJ1",21.2328958136326,204.039836298551,79.4905829798492,0.975239562341631,0.019112636765912,"Berkshire"
"UKJ2",14.5239957290145,289.414559031428,105.251422565553,0.992112378155886,0.022046160016006,"Surrey"
"UKJ3",18.9625657857842,229.660751604766,40.2724080077102,0.983703220635533,0.024097988349933,"Hampshire and Isle of Wight"
"UKJ4",20.5683744131756,211.227958567146,62.2083306380083,0.995056664781956,0.010646057844231,"Kent"
"UKK1",24.8737670147412,168.784000915178,58.835017378808,0.976020652440408,0.0162305575745703,"Gloucestershire"
"UKK2",20.4265133886138,212.794969652266,85.4816542596828,0.97346404092727,0.0293130628899594,"Dorset and Somerset"
"UKK3",22.4607291616774,191.395714415767,49.6971139395883,0.947577385199635,0.0370333001496986,"Cornwall and Isles of Scilly"
"UKK4",24.0215283322788,176.447406419501,57.406829793929,0.931425823134887,0.0325886337531943,"Devon"
"UKL1",26.5131006420809,154.966317002436,55.3851015775717,0.963906267849591,0.0340665704519309,"West Wales and The Valleys"
"UKL2",24.7603891547795,169.783988249674,67.1459517135613,0.949514984938308,0.0560214886261629,"East Wales"
"UKM5",44.3985609364304,61.0287771469765,17.7469870756591,0.92536704140302,0.0751303379721896,"North Eastern Scotland"
"UKM6",36.150887481454,93.7904496827963,48.2174814586846,0.954167605420335,0.0806080168721989,"Highlands and Islands"
"UKM7",35.9180508759711,94.9351673876534,37.7732389803436,0.919467063056128,0.0936315547513279,"Eastern Scotland"
"UKM8",40.464069612152,74.913870578993,19.9378381741729,0.941558694237831,0.0865303661785812,"West Central Scotland"
"UKM9",33.8504886454596,105.733063211775,59.3119865354915,0.859512326888331,0.106930447473938,"Southern Scotland"
"UKN0",41.6756803748027,70.3309615613492,26.5033102778706,0.91210129021798,0.123059984467963,"Northern Ireland"
"XKO.1_1",85.0502328843737,7.33990342409614,1.30363285085407,0.546269393237619,0.146155027337367,"Gakovica"
"XKO.2_1",86.8556179005575,6.68096286334239,6.09337809169485,0.640183746600318,0.224258559261356,"Gnjilane"
"XKO.3_1",70.8700981958582,15.365647301704,6.6763094182891,0.553166501656051,0.341120077021302,"Mitrovica"
"XKO.4_1",75.9222438678606,11.8095569873537,4.43005369914976,0.373883530945113,0.303210701432533,"Pecki"
"XKO.5_1",80.83380073089,9.1431852814269,8.46639115331162,0.655167564597655,0.15347067929841,"Pristina"
"XKO.6_1",64.6487462993294,21.2483048431619,14.3542352175333,0.30507170730378,0.169466883438089,"Prizren"
"XKO.7_1",60.0133456972785,27.0527648578716,13.7668320912624,0.469229988128642,0.176094800665652,"Uroševac/Ferizaj"
